-- phpMyAdmin SQL Dump
-- version 5.2.0
-- https://www.phpmyadmin.net/
--
-- Host: 127.0.0.1
-- Generation Time: Jul 09, 2023 at 10:12 PM
-- Server version: 10.4.25-MariaDB
-- PHP Version: 8.1.10

SET SQL_MODE = "NO_AUTO_VALUE_ON_ZERO";
START TRANSACTION;
SET time_zone = "+00:00";


/*!40101 SET @OLD_CHARACTER_SET_CLIENT=@@CHARACTER_SET_CLIENT */;
/*!40101 SET @OLD_CHARACTER_SET_RESULTS=@@CHARACTER_SET_RESULTS */;
/*!40101 SET @OLD_COLLATION_CONNECTION=@@COLLATION_CONNECTION */;
/*!40101 SET NAMES utf8mb4 */;

--
-- Database: `idiscuss`
--

-- --------------------------------------------------------

--
-- Table structure for table `categories`
--

CREATE TABLE `categories` (
  `category_id` int(8) NOT NULL,
  `category_name` varchar(255) NOT NULL,
  `category_description` varchar(255) NOT NULL,
  `created` datetime NOT NULL DEFAULT current_timestamp()
) ENGINE=InnoDB DEFAULT CHARSET=utf8mb4;

--
-- Dumping data for table `categories`
--

INSERT INTO `categories` (`category_id`, `category_name`, `category_description`, `created`) VALUES
(1, 'Python', 'Python is a high-level, general-purpose programming language. Its design philosophy emphasizes code readability with the use of significant indentation. Python is dynamically typed and garbage-collected. It supports multiple programming paradigms, includi', '2023-03-23 18:24:54'),
(2, 'Javascript', 'JavaScript, often abbreviated as JS, is a programming language that is one of the core technologies of the World Wide Web, alongside HTML and CSS.', '2023-03-23 18:26:26'),
(3, 'Java', 'Java is a high-level, class-based, object-oriented programming language that is designed to have as few implementation dependencies as possible', '2023-07-06 21:51:14'),
(4, 'C++ Programing', 'C++ is a high-level, general-purpose programming language created by Danish computer scientist Bjarne Stroustrup', '2023-07-06 21:51:14'),
(5, 'Web Development', 'Web development is the work involved in developing a website for the Internet or an intranet. Web development can range from developing a simple single static page of plain text to complex web applications, electronic businesses, and social network servic', '2023-07-06 21:53:45'),
(6, 'Project Related', 'Problems related to project you are currently working on', '2023-07-06 21:56:28');

-- --------------------------------------------------------

--
-- Table structure for table `comments`
--

CREATE TABLE `comments` (
  `comment_Id` int(8) NOT NULL,
  `comment_content` text NOT NULL,
  `thread_id` int(8) NOT NULL,
  `comment_by` int(8) NOT NULL,
  `comment_time` datetime NOT NULL DEFAULT current_timestamp()
) ENGINE=InnoDB DEFAULT CHARSET=latin1;

--
-- Dumping data for table `comments`
--

INSERT INTO `comments` (`comment_Id`, `comment_content`, `thread_id`, `comment_by`, `comment_time`) VALUES
(30, 'Do you need help with installation or enviorment variables?', 19, 2, '2023-07-08 17:00:41'),
(31, 'The output should be \"a single integer which corresponds to sum, followed by a new line\".\r\n\r\nBut the output of your program is\r\n\r\nEnter the numbers to be summed\r\n&lt;the sum&gt;', 22, 1, '2023-07-08 17:38:19'),
(32, 'Yes! it is good idea to learn python if you are intreseted in Machine Learning', 20, 14, '2023-07-08 17:59:21'),
(33, 'ust style the content with white-space: pre-wrap;.\r\n\r\ndiv {\r\n    white-space: pre-wrap;\r\n}\r\n&lt;div&gt;\r\nThis is some text   with some extra spacing    and a\r\nfew newlines along with some trailing spaces        \r\n     and five leading spaces thrown in\r\nfor                                              good\r\nmeasure                                              \r\n&lt;/div&gt;', 24, 6, '2023-07-08 18:16:20'),
(34, 'First innerhtml is slow because of parsing every time. Create a function to create Dom element and append it to the desired container. Adding paging or a flow to insert data in chunks can help too.', 25, 1, '2023-07-08 18:18:53'),
(35, 'Reply fast if you can', 19, 1, '2023-07-08 18:19:34'),
(41, 'No one is replying... :(', 27, 5, '2023-07-08 18:36:07'),
(43, 'It\'s a time zone change on December 31st in Shanghai.\r\n\r\nSee this page (https://www.timeanddate.com/time/change/china/shanghai?year=1927) for details of 1927 in Shanghai. Basically at midnight at the end of 1927, the clocks went back 5 minutes and 52 seconds. So \"1927-12-31 23:54:08\" actually happened twice, and it looks like Java is parsing it as the later possible instant for that local date/time - hence the difference.', 28, 9, '2023-07-08 18:45:58'),
(44, 't\'s said that arrays \"decay\" into pointers. A C++ array declared as int numbers [5] cannot be re-pointed, i.e. you can\'t say numbers = 0x5a5aff23. More importantly the term decay signifies loss of type and dimension; numbers decay into int* by losing the dimension information (count 5) and the type is not int [5] any more. Look here for cases where the decay doesn\'t happen.\r\n\r\nIf you\'re passing an array by value, what you\'re really doing is copying a pointer - a pointer to the array\'s first element is copied to the parameter (whose type should also be a pointer the array element\'s type). This works due to array\'s decaying nature; once decayed, sizeof no longer gives the complete array\'s size, because it essentially becomes a pointer. This is why it\'s preferred (among other reasons) to pass by reference or pointer.\r\n\r\nThree ways to pass in an array1:\r\n\r\nvoid by_value(const T* array)   // const T array[] means the same\r\nvoid by_pointer(const T (*array)[U])\r\nvoid by_reference(const T (&array)[U])\r\nThe last two will give proper sizeof info, while the first one won\'t since the array argument has decayed to be assigned to the parameter.', 30, 1, '2023-07-08 18:47:06'),
(45, 'The specified errors occur during this last stage of compilation, most commonly referred to as linking. It basically means that you compiled a bunch of implementation files into object files or libraries and now you want to get them to work together.\r\n\r\nSay you defined symbol a in a.cpp. Now, b.cpp declared that symbol and used it. Before linking, it simply assumes that that symbol was defined somewhere, but it doesn\'t yet care where. The linking phase is responsible for finding the symbol and correctly linking it to b.cpp (well, actually to the object or library that uses it).\r\n\r\nIf you\'re using Microsoft Visual Studio, you\'ll see that projects generate .lib files. These contain a table of exported symbols, and a table of imported symbols. The imported symbols are resolved against the libraries you link against, and the exported symbols are provided for the libraries that use that .lib (if any).', 26, 9, '2023-07-08 18:56:23'),
(46, 'Ask Vivek Sir about it', 27, 9, '2023-07-08 18:57:00'),
(51, 'ok', 29, 9, '2023-07-08 20:19:28'),
(52, 'If you do not know the exact path you may use\r\n\r\ngit log --all --full-history -- \"**/thefile.*\"\r\nIf you know the path the file was at, you can do this:\r\n\r\ngit log --all --full-history -- <path-to-file>\r\nThis should show a list of commits in all branches which touched that file. Then, you can find the version of the file you want, and display it with...\r\n\r\ngit show <SHA> -- <path-to-file>\r\nOr restore it into your working copy with:\r\n\r\ngit checkout <SHA>^ -- <path-to-file>\r\n\r\nNote the caret symbol (^), which gets the checkout prior to the one identified, because at the moment of <SHA> commit the file is deleted, we need to look at the previous commit to get the deleted file\'s contents', 35, 1, '2023-07-08 20:41:30'),
(54, 'I want to do some programming with the latest JavaFX, which requires Java 8. I\'m using IntelliJ 13 CE and Mac OS X 9 Mavericks. I ran Oracle\'s Java 8 installer, and the files look like they ended up at\r\n\r\n/Library/Java/JavaVirtualMachines/jdk1.8.0_05.jdk\r\nbut previous versions are at\r\n\r\n/System/Library/Java/JavaFrameworks/jdk1.6....\r\nNot sure why the latest installer puts this in /Library instead of /System/Library (nor what the difference is). But /usr/libexec/java_home doesn\'t find 1.8, so all the posts I\'ve found on how to set your current java version don\'t work. I\'ve tried adding a symbolic link to make it look like 1.8 is in the /System/Library... path, but it doesn\'t help. /usr/libexec/java_home -V still only lists the old Java 1.6.\r\n\r\nIronically, the \"Java\" control panel under System Preferences shows only Java 1.8!\r\n\r\nWhy doesn\'t Oracle\'s installer put it where it really goes? And how can I work around this problem?', 29, 5, '2023-07-08 20:58:50'),
(55, 'Hello?\r\n', 19, 5, '2023-07-08 21:04:52'),
(60, 'Hello', 24, 1, '2023-07-09 00:15:02'),
(61, 'You can simply animate using the translateY property:\r\n\r\nconst items = document.querySelectorAll(\".SVG_main\");\r\nitems.forEach(item => item.classList.add(\"animating\"));\r\nbody {\r\n  position: relative;\r\n  direction: rtl;\r\n}\r\n\r\n.SVG_main svg {\r\n  width: 80px;\r\n  height: 80px;\r\n  position: absolute;\r\n  top: 0;\r\n  right: 0;\r\n  left: 0;\r\n}\r\n\r\n.animating.SVG_main svg {\r\n  animation: MoveSvg 4.5s linear infinite;\r\n}\r\n\r\n@keyframes MoveSvg {\r\n  0% {\r\n    transform: translateY(0) rotateY(0deg);\r\n  }\r\n  100% {\r\n    /* This moves the svg to the bottom of the page */\r\n    transform: translateY(calc(100vh - 80px)) rotateY(360deg);\r\n  }\r\n}\r\n<script src=\"https://cdnjs.cloudflare.com/ajax/libs/jquery/3.3.1/jquery.min.js\"></script>\r\n<div class=\"SVG_main\">\r\n  <svg fill=\"#000000\" width=\"80px\" height=\"80px\" viewBox=\"0 0 32 32\" version=\"1.1\" xmlns=\"http://www.w3.org/2000/svg\">\r\n            <title>leaf</title>\r\n            <path\r\n                d=\"M28.082 9.534c-0.058 0.174-0.117 0.349-0.176 0.525 0.674 3.296 0.425 6.877-1.276 10.787 0.247-2.511 0.206-4.913-0.182-7.215-0.458 0.891-1.042 1.755-1.64 2.624 0.085 2.497-0.381 5.132-1.603 7.944 0.196-1.997 0.16-3.922-0.036-5.794-0.801 0.911-1.695 1.786-2.697 2.587-0.237 1.584-0.684 3.223-1.421 4.92 0.132-1.348 0.154-2.68 0.109-3.972-2.221 1.51-4.858 2.718-8.053 3.389 2.691-1.51 4.838-3.068 6.596-4.665-1.156-0.241-2.346-0.399-3.535-0.51 1.572-0.397 3.124-0.552 4.628-0.51 1.075-1.099 1.973-2.205 2.697-3.353-2.005-0.361-4.034-0.465-6.086-0.328 2.355-1.14 4.702-1.538 7.033-1.385 0.602-1.24 1.014-2.523 1.312-3.826-1.773-0.168-3.704 0.253-5.904 0.802 1.986-1.82 4.133-2.61 6.268-2.842 0.111-0.903 0.169-1.808 0.18-2.741-9.848-7.007-7.239 16.56-22.665 20.346 12.693 7.863 37.271-3.539 26.451-16.782zM25.788 1.846c0.628-0.305 1.39-0.323 1.968 0.219 0.33 3.103-0.68 9.663-4.665 14.249 3.039-5.538 3.261-9.548 2.697-14.467v-0z\">\r\n            </path>\r\n        </svg>\r\n</div>', 36, 1, '2023-07-09 21:53:23'),
(62, '1\r\n\r\nYou can have a Person.add_database method, and override it on each subclass. Now you keep the fields encapsulated, at the cost of a little bit of boilerplate when creating subclasses.\r\n\r\npublic class Person {\r\n\r\n    private int id;\r\n    private String name;\r\n\r\n    ...\r\n\r\n    public void addDatabase(Datatabase db) {\r\n        // Process the Person-specific fields.\r\n        System.out.println(\"saved: \" + this.getName());\r\n        System.out.println(\"saved: \" + thisgetId());\r\n    }\r\n}\r\n\r\npublic class Student extends Person {\r\n\r\n    private int studentNo;\r\n\r\n    ...\r\n\r\n    @Override\r\n    public void addDatabase(Database db) {\r\n        // Handle the Person fields.\r\n        super.addDatabase(db);\r\n        // Handle the fields unique to Student.\r\n        System.out.println(\"saved: \" + this.getStudentNo());\r\n    }\r\n}\r\n\r\npublic class PersonManager {\r\n\r\n    public void add(Person person, Database db) {\r\n        // We don\'t care about the type of Person, they\'ll handle themselves.\r\n        person.addDatabase(db);\r\n        // Prints id, name, *and* studentNo if given a student.\r\n    }\r\n}\r\nAlternatively you can use @annotations to mark the fields to be processed, or reflection to inspect all fields.\r\n\r\nHowever, those solutions are more \"magic\". I personally find they create hard-to-debug issues, but some communities are big fans.\r\n', 39, 23, '2023-07-09 22:03:15'),
(63, 'Check the NPM docs for install\r\n\r\nWith the --production flag (or when the NODE_ENV environment variable is set to production), npm will not install modules listed in devDependencies.\"\r\n\r\nThe --only={prod[uction]|dev[elopment]} argument will cause either only devDependencies or only non-devDependencies to be installed regardless of the NODE_ENV.\"\r\n\r\nHave you tried\r\n\r\nnpm install --only=dev\r\nIf you are worried that your package.json might be incorrect, best thing to do is this. Create a new folder, and run:\r\n\r\nnpm init --yes\r\nThen:\r\n\r\nnpm install --save-dev brunch@^2.0.4\r\nnpm install --save-dev cssnano-brunch@^1.1.5\r\nnpm install --save-dev javascript-brunch@^1.8.0\r\nnpm install --save-dev sass-brunch@^1.9.2\r\nnpm install --save-dev uglify-js-brunch@^1.7.8\r\nnpm install jquery@^2.1.4 --save\r\nAnd you should be good to go! Otherwise, will keep posting other options.\r\n\r\nCheck your npm configuration:\r\n\r\nnpm config list\r\nnpm gets its config settings from the command line, environment variables, and npmrc files. So check environment variables, and the npmrc file.\r\n\r\nStill failing?\r\n\r\nOk, create a new folder, ideally somewhere else on your filesystem. ie. not in same folder hierarchy. For instance, C:\\myNewFolder - the closer to the base C: drive the better.\r\n\r\nThen run:\r\n\r\nnpm init --yes\r\nNow run:\r\n\r\nnpm install underscore --save\r\nand finally:\r\n\r\nnpm install mocha --save-dev\r\nDoes everything work as expected?\r\n\r\nWhat I am trying to do is understand whether your problem is global, or something local to the previous folder and dependencies', 37, 23, '2023-07-09 22:05:13'),
(64, 'run this in the Package Manager Console:\r\n\r\nUpdate-Package Microsoft.CodeDom.Providers.DotNetCompilerPlatform -r\r\n\r\nMore information\r\n\r\nThis problem is not related to Visual Studio itself, so answers suggesting adding build steps to copy files over are rather a workaround. Same with adding compiler binaries manually to the project.\r\n\r\nThe Roslyn compiler comes from a NuGet package and there is/was a bug in some versions of that package (I don\'t know exactly which ones). The solution is to reinstall/upgrade that package to a bug-free version. Originally before I wrote the answer back in 2015 I fixed it by installing following packages at specific versions:\r\n\r\nMicrosoft.Net.Compilers 1.1.1\r\nMicrosoft.CodeDom.Providers.DotNetCompilerPlatform 1.0.1\r\nThen I looked into .csproj and made sure that the paths to packages are correct (in my case ..\\..\\packages\\*.*) inside tags <ImportProject> on top and in <Target> with name \"EnsureNuGetPackageBuildImports\" on the bottom. This is on MVC 5 and .NET Framework 4.5.2.\r\n', 38, 9, '2023-07-09 22:07:25'),
(66, 'You are also mixing container types. You can\'t assign a set to a vector.\r\n\r\nFixed:\r\n\r\n#include <iostream>\r\n#include <vector>\r\n\r\ntemplate <int D>\r\nclass Points {\r\npublic:\r\n    std::vector<int> data;\r\n\r\n    void func1() {\r\n        // some operation on data which depends on D\r\n        std::cout << \"Operation 1 which is \" << D << \"D\\n\";\r\n    }\r\n\r\n    void func2() {\r\n        // some operation on data which depends on D\r\n        std::cout << \"Operation 2 which is \" << D << \"D\\n\";\r\n    }\r\n\r\n    void execute_all(const std::vector<void (Points::*)()>& flist) {\r\n        for (auto f : flist) {\r\n            (this->*f)();\r\n        }\r\n    }\r\n};\r\n\r\ntemplate <int D>\r\nusing fptr = void (Points<D>::*)();\r\n\r\nint main() {\r\n    constexpr int D = 2;                // int was missing here\r\n    Points<D> p;                        // <D> was missing here\r\n    std::vector<fptr<D>> functionlist;  // was a set\r\n    functionlist.push_back(&Points<D>::func1);\r\n    functionlist.push_back(&Points<D>::func2);\r\n    p.execute_all(functionlist);\r\n}', 40, 7, '2023-07-09 23:11:58'),
(67, 'You need to add your submitPositionForLivreur in your Ajax data and set it to true. By doing this, you\'re essentially mimicking the behavior of a traditional form submission.\r\n\r\n$.ajax({\r\n    method: \'POST\',\r\n    url: \'updateLivePosition.php\',\r\n    data: {\r\n        \'lng_forAjax\': lng_forAjax,\r\n        \'lat_forAjax\': lat_forAjax,\r\n        \'accuracy_forAjax\': accuracy_forAjax,\r\n        \'submitPositionForLivreur\': true  // Add this line\r\n    },\r\n    success: function(msg) {\r\n        var msg = lng_forAjax + \" \" + lat_forAjax;\r\n        alert(msg);\r\n    },\r\n});\r\nIn your PHP file, you can then check for the existence of $_POST[\'submitPositionForLivreur\']\r\n\r\nif(isset($_POST[\'submitPositionForLivreur\'])){\r\n    echo $_POST[\'lng_forAjax\'].\" \".$_POST[\'lat_forAjax\'].\" \". $_POST[\'accuracy_forAjax\'];\r\n} \r\nAnd make sure to prevent the default form submission in your jQuery submit event handler\r\n\r\n$(\"#LoopPosition\").submit(function(e) {\r\n    e.preventDefault();  // Add this line\r\n\r\n    ......\r\n});', 41, 2, '2023-07-09 23:19:40'),
(68, 'Look into the use of jQuery.load().\r\n\r\nThis allows you to load HTML from a URL, and display it in an element in your page.\r\n\r\nMock HTML:\r\n\r\n<div id=\"links\">\r\n    <a href=\"/contactus.html\">Contact Us </a>\r\n</div>\r\n<div id=\"content\"></div>\r\nJS:\r\n\r\n$(function() {\r\n    $(\"#links > a\").click(function(e) {\r\n        e.preventDefault(); //so the browser doesn\'t follow the link\r\n\r\n        $(\"#content\").load(this.href, function() {\r\n            //execute here after load completed\r\n        });\r\n    });\r\n});', 42, 3, '2023-07-09 23:38:21'),
(69, 'To obtain only the remote URL:\r\n\r\ngit config --get remote.origin.url\r\nIf you require full output, and you are on a network that can reach the remote repo where the origin resides:\r\n\r\ngit remote show origin\r\nWhen using git clone (from GitHub, or any source repository for that matter) the default name for the source of the clone is \"origin\". Using git remote show will display the information about this remote name. The first few lines should show:\r\n\r\nC:\\Users\\jaredpar\\VsVim> git remote show origin\r\n* remote origin\r\n  Fetch URL: git@github.com:jaredpar/VsVim.git\r\n  Push  URL: git@github.com:jaredpar/VsVim.git\r\n  HEAD branch: master\r\n  Remote branches:\r\nIf you want to use the value in a script, you would use the first command listed in this answer.', 43, 19, '2023-07-09 23:43:05'),
(70, 'Before version 1.8.2, ** didn\'t have any special meaning in the .gitignore. As of 1.8.2 git supports ** to mean zero or more sub-directories (see release notes).\r\n\r\nThe way to ignore all directories called bin anywhere below the current level in a directory tree is with a .gitignore file with the pattern:\r\n\r\nbin/\r\nIn the man page, there an example of ignoring a directory called foo using an analogous pattern.\r\n\r\nIf you already have any bin folders in your git index which you no longer wish to track then you need to remove them explicitly. Git won\'t stop tracking paths that are already being tracked just because they now match a new .gitignore pattern. Execute a folder remove (rm) from index only (--cached) recursivelly (-r). Command line example for root bin folder:\r\n\r\ngit rm -r --cached bin', 44, 18, '2023-07-09 23:47:06'),
(71, 'You can try using fast-export:\r\n\r\ncd ~\r\ngit clone https://github.com/frej/fast-export.git\r\ngit init git_repo\r\ncd git_repo\r\n~/fast-export/hg-fast-export.sh -r /path/to/old/mercurial_repo\r\ngit checkout HEAD\r\n\r\n\r\nIf you\'re using Mercurial version below 4.6, adrihanu got your back:\r\n\r\nAs he stated in his comment: \"In case you use Mercurial < 4.6 and you got \"revsymbol not found\" error. You need to update your Mercurial or downgrade fast-export by running git checkout tags/v180317 inside ~/fast-export directory.\".\r\n\r\n', 46, 23, '2023-07-09 23:52:34'),
(72, 'Fields in java are not subject to polymorphism. The rightsForBenefits field in your Employee class will always refer to the field in the Employee class itself, not any subclass. you should use a method. not a field.\r\n\r\npublic abstract class Employee {\r\n    protected abstract boolean getRightsForBenefits();\r\n\r\n    private void checkBenefitStatus() {\r\n        if(!getRightsForBenefits()) {\r\n            throw new RuntimeException(\"You are not allegeable to benefits\");\r\n        }\r\n    }\r\n\r\n    public void addBenefit(String benefit) {\r\n        checkBenefitStatus();\r\n        // add benefits logic\r\n    }\r\n}\r\n\r\npublic class Manager extends Employee {\r\n    @Override\r\n    protected boolean getRightsForBenefits() {\r\n        return true;\r\n    }\r\n}\r\n\r\npublic class Worker extends Employee {\r\n    @Override\r\n    protected boolean getRightsForBenefits() {\r\n        return false;\r\n    }\r\n}', 47, 23, '2023-07-09 23:58:20'),
(73, 'Try putting input.value = \"\"; inside the conditional code that creates a new list item:\r\n\r\nconst input = document.querySelector(\"input\");\r\nconst ul = document.querySelector(\"ul\");\r\n\r\ninput.addEventListener(\"keypress\", function(event){\r\n    \r\n    if(input.value.length>0 && event.key === \'Enter\'){\r\n      var li = document.createElement(\"li\");\r\n      li.appendChild(document.createTextNode(input.value));\r\n      ul.appendChild(li);\r\n      input.value = \"\"; // it\'s now in the li.\r\n  }\r\n});\r\nType in  to do text and press Enter: <input type=\"text\">\r\n<p>\r\n<ul></ul>\r\nExpand snippet\r\nAt the moment clearing the input element\'s content is in the wrong spot - the code needs to allow the user to enter to do information without erasing it!', 48, 3, '2023-07-10 00:21:08'),
(75, 'To efficiently convert a large ArrayBuffer into a hexadecimal string representation in JavaScript , you can use the Uint8Array view to access the individual bytes of the buffer and then build the hex string dynamically. Instead of using string concatenation (+=), which can be slow for large strings due to JavaScript\'s immutable string nature, you can use an array to efficiently push individual characters and then join them into a string.\r\n\r\nfunction arrayBufferToHexString(buffer) {\r\n  const bytes = new Uint8Array(buffer);\r\n  const hexChars = [];\r\n\r\n  for (let i = 0; i < bytes.length; i++) {\r\n    const hex = bytes[i].toString(16).padStart(2 , \'0\');\r\n    hexChars.push(hex);\r\n  }\r\n\r\n  return hexChars.join(\'\');\r\n}\r\nIn this code, we iterate over each byte of the ArrayBuffer using a for loop. We convert each byte to its hexadecimal representation using toString(16). The padStart(2, \'0\') ensures that each byte is represented by two characters, even if the value is less than 16 (e.g. , \'0F\' instead of just \'F\'). We push each hex value into the hexChars array.\r\n\r\nFinally , we use join(\'\') to concatenate all the hex characters into a single string and return it.\r\n\r\nTo perform the inverse operation and convert the hexadecimal string back to an ArrayBuffer ,\r\n\r\nfunction hexStringToArrayBuffer(hexString) {\r\n  const bytes = [];\r\n\r\n  for (let i = 0; i < hexString.length; i += 2) {\r\n    const hexByte = hexString.substr(i , 2);\r\n    const byte = parseInt(hexByte , 16);\r\n    bytes.push(byte);\r\n  }\r\n\r\n  return new Uint8Array(bytes).buffer;\r\n}\r\nIn this code , we iterate over the input hex string in steps of 2 to extract each byte\'s hexadecimal representation. We convert each hex byte to its decimal value using parseInt(hexByte, 16), and push it into the bytes array.\r\n\r\nFinally , we create a new Uint8Array from the bytes array and obtain its underlying buffer using .buffer. This buffer represents the reconstructed ArrayBuffer.\r\n\r\nThese functions should handle large ArrayBuffers efficiently , as they avoid the performance issues associated with string concatenation for large strings.', 49, 11, '2023-07-10 00:27:04'),
(76, 'Basically Spring is a framework for dependency-injection which is a pattern that allows building very decoupled systems.\r\n', 50, 13, '2023-07-10 00:32:36'),
(77, 'Yes, web development is one of Common Lisp\'s strengths today.\r\n\r\nAs a web server, use Hunchentoot, formerly known as tbnl, by Dr. Edmund Weitz.\r\n\r\nYou can run it as a back-end to Apache using mod_proxy as a reverse proxy, or as a stand-alone server.\r\n\r\nVarious HTML generation solutions are available, from PHP-style templates to Lisp macro hacks to XSLT. Just take your pick.\r\n\r\nHTML-TEMPLATE is one example.\r\n\r\nClosure XML is available for XML parsing, serialization, XPath 1.0, XSLT 1.0. There is also Closure HTML for HTML tag soup parsing.\r\n\r\n(Full disclosure: I\'m the maintainer of Closure XML and Closure HTML.)\r\n\r\nIf you like, Parenscript can make your JavaScript experience lispier, but you can also write plain old JavaScript yourself, of course.\r\n\r\nAnother cool JavaScript enhancing solution in jwacs, which is written in Common Lisp and transforms JavaScript to add continuation support.\r\n\r\nWeb service projects might require an HTTP client in addition to a server.\r\n\r\nDrakma is the library to use for that today.\r\n\r\nPURI is useful for URI manipulation.\r\n\r\nAnd there is more! One starting point is cliki, for example cliki.net/web.\r\n\r\nOn the web, nobody knows your server is written in Common Lisp :-)\r\n', 51, 19, '2023-07-10 00:35:38');

-- --------------------------------------------------------

--
-- Table structure for table `threads`
--

CREATE TABLE `threads` (
  `thread_id` int(7) NOT NULL,
  `thread_title` varchar(255) NOT NULL,
  `thread_desc` text NOT NULL,
  `thread_cat_id` int(7) NOT NULL,
  `thread_user_id` int(7) NOT NULL,
  `timestamp` datetime NOT NULL DEFAULT current_timestamp()
) ENGINE=InnoDB DEFAULT CHARSET=latin1;

--
-- Dumping data for table `threads`
--

INSERT INTO `threads` (`thread_id`, `thread_title`, `thread_desc`, `thread_cat_id`, `thread_user_id`, `timestamp`) VALUES
(19, 'How to install Python', 'Someone help me', 1, 7, '2023-07-08 16:40:09'),
(20, 'Is igood idea to learn Python for Machine Learning?', 'I am trying to learn python since I am trying to get into machine learning, what do you guys think?', 1, 7, '2023-07-08 17:02:07'),
(22, 'Java Program', 'I have a problem statement\r\n\r\nProblem\r\n\r\nWrite a program to calculate the sum of 2 numbers and print the output.\r\n\r\nInput\r\n\r\nLine 1: An integer.\r\n\r\nLine 2: An integer.\r\n\r\nOutput :The output consists of a single integer which corresponds to sum, followed by a new line\r\n\r\nimport java.io.IOException;\r\nimport java.util.InputMismatchException;\r\nimport java.util.Scanner;\r\n\r\npublic class Add {\r\n\r\npublic static void main(String[] args)throws IOException\r\n{\r\n    int a=0, b=0, sum;\r\n    Scanner sc=new Scanner(System.in);\r\n    System.out.println(\"Enter the numbers to be summed\");\r\n    try{\r\n        a=sc.nextInt();\r\n        sc.nextLine();\r\n        b=sc.nextInt();\r\n    }\r\n    catch(InputMismatchException e){\r\n        System.out.println(\"Please enter an Integer number\");\r\n        e.printStackTrace();}\r\n    catch(Exception e){System.out.println(e);}\r\n\r\n    sum=a+b;\r\n\r\n    System.out.println(sum);\r\n    sc.close();\r\n}\r\n\r\n}', 3, 24, '2023-07-08 17:37:15'),
(24, 'Render a string in HTML and preserve spaces and linebreaks', 'I have an MVC3 app that has a details page. \r\nAs part of that I have a description (retrieved from a db) that has spaces and new lines. \r\nWhen it is rendered the new lines and spaces are ignored by the html. \r\nI would like to encode those spaces and new lines so that they aren\'t ignored.\r\n\r\nHow do you do that?\r\n\r\nI tried HTML.Encode but it ended up displaying the encoding \r\n(and not even on the spaces and new lines but on some other special characters)', 5, 14, '2023-07-08 18:09:22'),
(26, 'What is an undefined reference/unresolved external symbol error and how do I fix it?', 'What are undefined reference/unresolved external symbol errors? What are common causes and how to fix/prevent them?', 4, 5, '2023-07-08 18:20:28'),
(27, '\"Thinking in AngularJS\" if I have a jQuery background?', 'Suppose I\'m familiar with developing client-side applications in jQuery, but now I\'d like to start using AngularJS. Can you describe the paradigm shift that is necessary? Here are a few questions that might help you frame an answer:\r\n\r\nHow do I architect and design client-side web applications differently? What is the biggest difference?\r\nWhat should I stop doing/using; What should I start doing/using instead?\r\nAre there any server-side considerations/restrictions?\r\nI\'m not looking for a detailed comparison between jQuery and AngularJS', 5, 5, '2023-07-08 18:21:09'),
(28, 'Why is subtracting these two epoch-milli Times (in year 1927) giving a strange result?', 'If I run the following program, which parses two date strings referencing times 1 second apart and compares them:\r\n\r\npublic static void main(String[] args) throws ParseException {\r\n    SimpleDateFormat sf = new SimpleDateFormat(\"yyyy-MM-dd HH:mm:ss\");  \r\n    String str3 = \"1927-12-31 23:54:07\";  \r\n    String str4 = \"1927-12-31 23:54:08\";  \r\n    Date sDt3 = sf.parse(str3);  \r\n    Date sDt4 = sf.parse(str4);  \r\n    long ld3 = sDt3.getTime() /1000;  \r\n    long ld4 = sDt4.getTime() /1000;\r\n    System.out.println(ld4-ld3);\r\n}\r\nThe output is:\r\n\r\n353\r\nWhy is ld4-ld3, not 1 (as I would expect from the one-second difference in the times), but 353?\r\n\r\nIf I change the dates to times 1 second later:\r\n\r\nString str3 = \"1927-12-31 23:54:08\";  \r\nString str4 = \"1927-12-31 23:54:09\";  \r\nThen ld4-ld3 will be 1.\r\n\r\nJava version:\r\n\r\njava version \"1.6.0_22\"\r\nJava(TM) SE Runtime Environment (build 1.6.0_22-b04)\r\nDynamic Code Evolution Client VM (build 0.2-b02-internal, 19.0-b04-internal, mixed mode)\r\nTimezone(`TimeZone.getDefault()`):\r\n\r\nsun.util.calendar.ZoneInfo[id=\"Asia/Shanghai\",\r\noffset=28800000,dstSavings=0,\r\nuseDaylight=false,\r\ntransitions=19,\r\nlastRule=null]\r\n\r\nLocale(Locale.getDefault()): zh_CN', 3, 5, '2023-07-08 18:41:46'),
(29, 'How to install Java 8 on Mac', 'I want to do some programming with the latest JavaFX, which requires Java 8. I\'m using IntelliJ 13 CE and Mac OS X 9 Mavericks. I ran Oracle\'s Java 8 installer, and the files look like they ended up at\r\n\r\n/Library/Java/JavaVirtualMachines/jdk1.8.0_05.jdk\r\nbut previous versions are at\r\n\r\n/System/Library/Java/JavaFrameworks/jdk1.6....\r\nNot sure why the latest installer puts this in /Library instead of /System/Library (nor what the difference is). But /usr/libexec/java_home doesn\'t find 1.8, so all the posts I\'ve found on how to set your current java version don\'t work. I\'ve tried adding a symbolic link to make it look like 1.8 is in the /System/Library... path, but it doesn\'t help. /usr/libexec/java_home -V still only lists the old Java 1.6.\r\n\r\nIronically, the \"Java\" control panel under System Preferences shows only Java 1.8!\r\n\r\nWhy doesn\'t Oracle\'s installer put it where it really goes? And how can I work around this problem?', 3, 9, '2023-07-08 18:44:05'),
(30, 'What is array to pointer decay?', 'What is array to pointer decay? Is there any relation to array pointers?', 4, 9, '2023-07-08 18:44:53'),
(35, 'How to find a deleted file in the project commit history?', 'Once upon a time, there was a file in my project that I would now like to be able to get.\r\n\r\nThe problem is: I have no idea of when have I deleted it and on which path it was.\r\n\r\nHow can I locate the commits of this file when it existed?', 6, 9, '2023-07-08 20:40:19'),
(36, '3D element movement with CSS and script', 'I want to move an element in 3D from top to bottom.\r\n\r\nFor this purpose, I have used the animation mode in CSS. The animation that I have designed rotates the element 360 degrees and at the same time moves down.\r\n\r\nThe 360 degree rotation mode of the element works fine but it doesn\'t move down and I don\'t know where the problem is.\r\n\r\nCan you show me a simple solution to move the element from top to bottom by editing the code?\r\n\r\nThanks in advance for any help.\r\n\r\nconst items = document.querySelectorAll(\".SVG_main\");\r\nitems.forEach(item =&gt; item.classList.add(\"animating\"));\r\nbody{\r\n    position: relative;\r\n    direction: rtl;\r\n}\r\n\r\n.SVG_main svg{\r\n    width: 80px;\r\n    height: 80px;\r\n    position: absolute;\r\n    top: 0;\r\n    right: 0;\r\n    left: 0;\r\n    \r\n}\r\n\r\n.animating.SVG_main svg{\r\n    animation: MoveSvg 4.5s linear infinite;\r\n}\r\n\r\n\r\n@-webkit-keyframes MoveSvg {\r\n    0% {\r\n        top: 0;\r\n        left: 0;\r\n        transform: rotateY(0deg);\r\n    }\r\n\r\n    50% {\r\n        top: 50%;\r\n        left: 50%;\r\n        transform: rotateY(180deg);\r\n    }\r\n\r\n    100% {\r\n        top: 100%;\r\n        left: 0;\r\n        transform: rotateY(360deg);\r\n    }\r\n}\r\n\r\n@keyframes MoveSvg {\r\n    0% {\r\n        top: 0;\r\n        left: 0;\r\n        transform: rotateY(0deg);\r\n    }\r\n\r\n    50% {\r\n        top: 50%;\r\n        left: 50%;\r\n        transform: rotateY(180deg);\r\n    }\r\n\r\n    100% {\r\n        top: 100%;\r\n        left: 0;\r\n        transform: rotateY(360deg);\r\n    }\r\n}\r\n&lt;script src=\"https://cdnjs.cloudflare.com/ajax/libs/jquery/3.3.1/jquery.min.js\"&gt;&lt;/script&gt;\r\n&lt;div class=\"SVG_main\"&gt;\r\n        &lt;svg fill=\"#000000\" width=\"80px\" height=\"80px\" viewBox=\"0 0 32 32\" version=\"1.1\"\r\n            xmlns=\"http://www.w3.org/2000/svg\"&gt;\r\n            &lt;title&gt;leaf&lt;/title&gt;\r\n            &lt;path\r\n                d=\"M28.082 9.534c-0.058 0.174-0.117 0.349-0.176 0.525 0.674 3.296 0.425 6.877-1.276 10.787 0.247-2.511 0.206-4.913-0.182-7.215-0.458 0.891-1.042 1.755-1.64 2.624 0.085 2.497-0.381 5.132-1.603 7.944 0.196-1.997 0.16-3.922-0.036-5.794-0.801 0.911-1.695 1.786-2.697 2.587-0.237 1.584-0.684 3.223-1.421 4.92 0.132-1.348 0.154-2.68 0.109-3.972-2.221 1.51-4.858 2.718-8.053 3.389 2.691-1.51 4.838-3.068 6.596-4.665-1.156-0.241-2.346-0.399-3.535-0.51 1.572-0.397 3.124-0.552 4.628-0.51 1.075-1.099 1.973-2.205 2.697-3.353-2.005-0.361-4.034-0.465-6.086-0.328 2.355-1.14 4.702-1.538 7.033-1.385 0.602-1.24 1.014-2.523 1.312-3.826-1.773-0.168-3.704 0.253-5.904 0.802 1.986-1.82 4.133-2.61 6.268-2.842 0.111-0.903 0.169-1.808 0.18-2.741-9.848-7.007-7.239 16.56-22.665 20.346 12.693 7.863 37.271-3.539 26.451-16.782zM25.788 1.846c0.628-0.305 1.39-0.323 1.968 0.219 0.33 3.103-0.68 9.663-4.665 14.249 3.039-5.538 3.261-9.548 2.697-14.467v-0z\"&gt;\r\n            &lt;/path&gt;\r\n        &lt;/svg&gt;\r\n    &lt;/div&gt;', 2, 2, '2023-07-09 21:51:59'),
(37, 'npm install won\'t install devDependencies', 'On windows for some reason when I run npm install it won\'t install devDependencies. AFAIK it should. If I run npm install --dev devDependencies are installed. I don\'t understand why npm install doesn\'t install devDependencies too, but installs only dependencies. What could be the reason? How can I fix it?\r\n\r\nMaybe something is wrong with my package.json? It is listed below if it may be helpful:\r\n\r\n{\r\n  \"name\": \"try-brunch\",\r\n  \"version\": \"0.1.0\",\r\n  \"private\": \"true\",\r\n  \"devDependencies\": {\r\n    \"brunch\": \"^2.0.4\",\r\n    \"cssnano-brunch\": \"^1.1.5\",\r\n    \"javascript-brunch\": \"^1.8.0\",\r\n    \"sass-brunch\": \"^1.9.2\",\r\n    \"uglify-js-brunch\": \"^1.7.8\"\r\n  },\r\n  \"dependencies\": {\r\n    \"jquery\": \"^2.1.4\"\r\n  }\r\n}', 5, 1, '2023-07-09 21:56:22'),
(38, 'Could not find a part of the path ... bin\\roslyn\\csc.exe', 'I am trying to run an ASP.NET MVC (model-view-controller) project retrieved from TFS (Team Foundation Server) source control. I have added all assembly references and I am able to build and compile successfully without any error or warning.\r\n\r\nBut I get the following error in the browser:\r\n\r\nCould not find a part of the path \'C:\\B8akWorkspace\\B8akProject\\B8akSolution\\B8AK.Portal\\bin\\roslyn\\csc.exe\'\r\nAfter few days of research, I understood that Roslyn is a .NET compiler platform that offers advanced compiling features. However, I do not understand why my build is trying to find \\bin\\roslyn\\csc.exe because I did not configure anything related to Roslyn. Nor did I intend to use Roslyn in my project.', 6, 1, '2023-07-09 21:57:24'),
(39, 'Java object oriented programming and polymorphism', 'Suppose there are 20 subclasses derived from the main class. Suppose each class also has its own properties. Let\'s say we have a manager class; it takes the main class as a parameter and adds a database. We can give the parameter as polymorphic, yes, but when adding a database, its own, special features cannot be accessed with polymorphism. Since there are 20 pieces, it does not make much sense to use instance of separately in if. What can be done?\r\n\r\npublic class Person {\r\n\r\n    private int id;\r\n    private String name;\r\n\r\n    public int getId() {\r\n        return id;\r\n    }\r\n\r\n    public void setId(int id) {\r\n        this.id = id;\r\n    }\r\n\r\n    public String getName() {\r\n        return name;\r\n    }\r\n\r\n    public void setName(String name) {\r\n        this.name = name;\r\n    }\r\n}\r\npublic class Student extends Person {\r\n\r\n    private int studentNo;\r\n\r\n    public int getStudentNo() {\r\n        return studentNo;\r\n    }\r\n\r\n    public void setStudentNo(int studentNo) {\r\n        this.studentNo = studentNo;\r\n    }\r\n}\r\npublic class PersonManager {\r\n\r\n    public void add(Person person) {\r\n        System.out.println(\"saved: \" + person.getName());\r\n        System.out.println(\"saved: \" + person.getId());\r\n    }\r\n}', 3, 1, '2023-07-09 21:59:19'),
(40, 'Passing a set of pointers to member functions of a template class', '#include&lt;iostream&gt;\r\n#include&lt;vector&gt;\r\n#include&lt;set&gt;\r\ntemplate&lt;int D&gt;\r\nclass Points{\r\npublic:\r\n    std::vector&lt;int&gt; data;\r\n    void func1()\r\n    {\r\n        // some operation on data which depends on D\r\n        std::cout&lt;&lt;\"Operation 1 which is \" &lt;&lt;\"D \\n\";\r\n    }\r\n    void func2()\r\n    {\r\n        // some operation on data which depends on D\r\n        std::cout&lt;&lt;\"Operation 2 which is \" &lt;&lt;\"D \\n\";\r\n    }\r\n    void execute_all(std::vector&lt;void (Points::*)()&gt; flist)\r\n    {\r\n        for (auto f: flist){\r\n            (this-&gt;* f)();\r\n        }\r\n    }\r\n};\r\ntemplate&lt;int D&gt;\r\nusing fptr = void (Points::*)();\r\n\r\nint main()\r\n{\r\n    constexpr D = 2;\r\n    Points p;\r\n    std::set&lt;fptr&lt;D&gt;&gt; functionlist;\r\n    functionlist.insert(&(Points&lt;D&gt;::func1));\r\n    functionlist.insert(&(Points&lt;D&gt;::func2));\r\n    p.execute_all(functionlist);\r\n    return 0;\r\n}\r\nMy intention is to group together function pointers, that I can pass to the member function in order to execute them together. In my intended code (not shown here) the \"execute_all\" happens in a deeply nested loop, with local arguments. I tried to run the above, even without a template class, but even that won\'t compile: invalid use of non-static member function ‘void Points::func1()’ Please help by pointing me to the issues with my code, and possibly providing a corrected version, that executes all functions func1 and func2 as intented', 4, 2, '2023-07-09 23:02:53'),
(41, 'Undefined index because of AJAX or PHP', 'I\'m trying to send data to php by ajax but this don\'t work. Here is the code :\r\n\r\nindex.php (code in html)\r\n\r\n                   \r\n&lt;form action=\"\" id=\"LoopPosition\" class=\"myPosition\" method=\"post\"&gt;\r\n     &lt;span&gt;Longitude :&lt;/span&gt; &lt;input id=\"displayLong\" name=\"displayLong\" type=\"text\" style=\"width: 400px;\"&gt; &lt;br&gt;\r\n     &lt;span&gt;Latitude: &lt;/span&gt; &lt;input id=\"displayLat\" name=\"displayLat\" type=\"text\" style=\"width: 400px;\"&gt; &lt;br&gt;\r\n     &lt;span&gt;Accuracy : &lt;/span&gt; &lt;input id=\"displayAccu\" name=\"displayAccu\" type=\"text\" style=\"width: 400px;\"&gt; &lt;br&gt;\r\n          &lt;?php if (isset($_GET[\'DeliveryCourse\'])) : ?&gt;\r\n     &lt;button type=\"submit\" name=\"submitPositionForLivreur\" class=\"btn btn-info\" id=\"clicAuto\"&gt;Clic to send&lt;/button&gt;\r\n          &lt;?php endif; ?&gt;\r\n                            \r\n&lt;/form&gt;\r\n\r\najaxPostToDatabase.js (inside of index.php)\r\n\r\n            $(\"#LoopPosition\").submit(function(e) {\r\n                const lng_forAjax = $(\"#displayLong\").val();\r\n                const lat_forAjax = $(\"#displayLat\").val();\r\n                const accuracy_forAjax = $(\"#displayAccu\").val();\r\n\r\n\r\n                $.ajax({\r\n                    method: \'POST\',\r\n                    url: \'updateLivePosition.php\',\r\n                    data: {\r\n                        \'lng_forAjax\': lng_forAjax,\r\n                        \'lat_forAjax\': lat_forAjax,\r\n                        \'accuracy_forAjax\': accuracy_forAjax\r\n\r\n                    },\r\n                    success: function(msg) {\r\n                        var msg = lng_forAjax + \" \" + lat_forAjax;\r\n                        alert(msg);\r\n                    },\r\n\r\n                });\r\n            })\r\nupdateLivePosition.php\r\n\r\n&lt;?php\r\n\r\n        if(isset($_POST[\'submitPositionForLivreur\'])){\r\n            echo $_POST[\'lng_forAjax\'].\" \".$_POST[\'lat_forAjax\'].\" \". $_POST[\'accuracy_forAjax\'];\r\n        } \r\n    }\r\nWith all of that, i still get an Undefined index : lng_forAjax; Undefined index : lat_forAjax; Undefined index : accuracy_forAjax', 2, 8, '2023-07-09 23:18:17'),
(42, 'Opening different page without reloading or refreshing using JS', 'Is there a way to link to another page without refreshing or reloading the page using JS. I\'m having a hard time figuring it out\r\n\r\nI need, I\'m new in JS\r\n\r\nHere is my Navbar Code\r\n\r\n&lt;div id=\"app\"&gt;\r\n        &lt;nav id=\"nav\"&gt;\r\n            &lt;div&gt;\r\n                &lt;a class=\"nav-a on\" onclick=\"home()\" style=\"pointer-events: none; transform: translate3d(0%, 0%, 0px);\"\r\n                    href=\"/\"&gt;HOME&lt;/a&gt;\r\n            &lt;/div&gt;\r\n            &lt;div&gt;\r\n                &lt;a class=\"nav-a\" onclick=\"work()\" style=\"transform: translate3d(0%, 0%, 0px); pointer-events: all;\"\r\n                    href=\"/work.html\"&gt;WORK&lt;/a&gt;\r\n            &lt;/div&gt;\r\n            &lt;div&gt;\r\n                &lt;img class=\"logo\" src=\"Other Files/SVG/LogoName(White).svg\" alt=\"LOGO\"&gt;\r\n            &lt;/div&gt;\r\n            &lt;div&gt;\r\n                &lt;a class=\"nav-a\" onclick=\"about()\" style=\"transform: translate3d(0%, 0%, 0px); pointer-events: all;\"\r\n                    href=\"/about.html\"&gt;ABOUT&lt;/a&gt;\r\n            &lt;/div&gt;\r\n            &lt;div&gt;\r\n                &lt;a class=\"nav-a\" onclick=\"contact()\" style=\"transform: translate3d(0%, 0%, 0px); pointer-events: all;\"\r\n                    href=\"/contact.html\"&gt;CONTACT&lt;/a&gt;\r\n            &lt;/div&gt;\r\n        &lt;/nav&gt;\r\n&lt;/div&gt;', 2, 6, '2023-07-09 23:35:07'),
(43, 'How to determine the URL that a local Git repository was originally cloned from', 'I pulled a project with several forks on GitHub, but forgot which fork it was. How do I determine which fork I pulled?', 6, 3, '2023-07-09 23:41:48'),
(44, 'Ignoring any \'bin\' directory on a git project', 'I have a directory structure like this:\r\n\r\n.git/\r\n.gitignore\r\nmain/\r\n  ...\r\ntools/\r\n  ...\r\n...\r\nInside main and tools, and any other directory, at any level, there can be a \'bin\' directory, which I want to ignore (and I want to ignore everything under it too). I\'ve tried each of these patterns in .gitignore but none of them work:\r\n\r\n/**/bin/**/*\r\n/./**/bin/**/*\r\n./**/bin/**/*\r\n**/bin/**/*\r\n*/bin/**/*\r\nbin/**/*\r\n/**/bin/* #and the others with just * at the end too\r\nCan anyone help me out? The first pattern (the one I think should be working) works just fine if I do this:\r\n\r\n/main/**/bin/**/*\r\nBut I don\'t want to have an entry for every top-level directory and I don\'t want to have to modify .gitignore every time I add a new one. There are also files and directories that have the substring \'bin\' in their names, which I want to keep.\r\n\r\nThis is on Windows using the latest msysgit.', 6, 16, '2023-07-09 23:45:57'),
(46, 'Convert Mercurial project to Git [duplicate]', 'I need to convert a mercurial project to a git project, but I would like to keep\r\nthe commit history intact. My current solution was to just remove hg related\r\nfiles and then git init && add manually the files I needed, but that would not\r\nkeep the history. Are there any solutions to this', 6, 18, '2023-07-09 23:51:22'),
(47, 'How to have a method in superclass that validates a field in the subclass', 'I have an abstract superclass Employee and 2 subclasses Manager and Worker. I want to make a method in Employee that can add benefits - Managers can have benefits, Workers not.\r\n\r\nI tried to do the following:\r\n\r\nEmployee has -> protected boolean rightsForBenefits;\r\n    Manager has -> final protected boolean rightsForBenefits = true;\r\n    Worker has -> final protected boolean rightsForBenefits = false;\r\nNow in Employee I have this method\r\n\r\nprivate void checkBenefitStatus() {\r\n        if(!rightsForBenefits) {\r\n            throw new RuntimeException(\"You are not allegeable to benefits\");\r\n        }\r\n    }\r\n\r\n    public void addBenefit(String benefit) {\r\n        if(rightsForBenefits) {\r\n    ...\r\n    }\r\nBut when I try to use this method, it always validates Employee.rightsForBenefit. How to point it to verify the rightsForBenefits of the subclasses?', 3, 21, '2023-07-09 23:56:05'),
(48, 'Javascript, keypress if i use it when i want user input to be added in a list only one character i.e., the latest pressed key shows up', 'i wanted to add a userinput in a todo list using keypress but only one character is taken by the input filed.\r\n\r\nthis is the code:\r\n\r\ninput.addEventListener(\"keypress\", function(event){\r\n    \r\n    if(input.value.length&gt;0 && event.key === \'Enter\'){\r\n    var li = document.createElement(\"li\");\r\n    li.appendChild(document.createTextNode(input.value));\r\n    ul.appendChild(li);\r\n    } else input.value = \"\";\r\ni tried using keyup but using Keyup does not take any input rather it just show the input for an instance but then the input filed deletes it automatically', 2, 4, '2023-07-10 00:18:34'),
(49, 'Convert a large ArrayBuffer into hexadecimal string representation in JavaScript', 'I have an ArrayBuffer with content that needs to be converted to a hex-string, that should be sent in a JSON message. The data can be up to 2 GB. For this I would like to have a string that works as a dynamic array, so I efficiently could push_back individual characters. In C++, we have std::string (or std::vector), I think Java has a StringBuilder. What is the way of doing it in JavaScript?\r\n\r\nI tried += but that starts to take minutes after reaching 128 MB. I guess this is because it results in an O(n^2) algorithm.\r\n\r\nNote: I also need to do the inverse operation.', 2, 18, '2023-07-10 00:25:02'),
(50, 'What exactly is Spring Framework for? [closed]', 'I hear a lot about Spring, people are saying all over the web that Spring is a good framework for web development. What exactly is Spring Framework for in a nutshell? Why should I used it over just plain Java.', 5, 12, '2023-07-10 00:31:17'),
(51, 'Is it feasible to do (serious) web development in Lisp? [closed]', 'It obviously is possible to write almost any kind of application in almost any programming language, especially in such a powerful one as Lisp (be it Scheme or Common Lisp). But is it practical to use it for web development? If so, what should be a good starting point? Where can be found the proper resources (tools, libraries, documentation, best practices, examples, etc.) for a project of this nature?', 5, 17, '2023-07-10 00:34:44');

-- --------------------------------------------------------

--
-- Table structure for table `users`
--

CREATE TABLE `users` (
  `sno` int(8) NOT NULL,
  `username` varchar(25) NOT NULL,
  `user_email` varchar(50) NOT NULL,
  `user_pass` varchar(255) NOT NULL,
  `fullname` varchar(20) NOT NULL,
  `usn` varchar(12) NOT NULL,
  `semester` int(1) NOT NULL,
  `timestamp` datetime NOT NULL DEFAULT current_timestamp(),
  `profile_pic` varchar(200) NOT NULL,
  `is_admin` tinyint(1) NOT NULL DEFAULT 0
) ENGINE=InnoDB DEFAULT CHARSET=latin1;

--
-- Dumping data for table `users`
--

INSERT INTO `users` (`sno`, `username`, `user_email`, `user_pass`, `fullname`, `usn`, `semester`, `timestamp`, `profile_pic`, `is_admin`) VALUES
(1, 'Faizankhan76', 'mohammeds.21.bmca@acharya.ac.in', '$2y$10$NAOsE0ecluy1Hhp/xzAfgOeJS59/.ZSvcQZVbBZjV3k6TpptzquD.', 'Mohammed Faizan', 'P18AJ21S0139', 3, '2023-07-08 14:00:37', 'profile_pics/64a91f3a07c0d_1688805178.jpg', 1),
(2, 'Abhishek', 'abhisheka.21.bmca@acharya.ac.in', '$2y$10$rfVjCUu6LhRInUg0IQNeHuTtD5cDwjyYvqJOyVd3U8/z3oaM5viM6', 'Abhishek Kumar Boby', 'P18AJ21S0142', 3, '2023-07-08 14:04:03', 'profile_pics/64aaf0e72bc71_1688924391.jpg', 1),
(3, 'Lav', 'lava.21.bmca042@acharya.ac.in', '$2y$10$spUmKNworEGe98Sn6HPeveaMuFfg6yIv8IGw3FcWedb7kRO2C2znW', 'Lav Ranjan', 'P18AJ21S0124', 3, '2023-07-08 14:05:40', 'profile_pics/64a9200717cb6_1688805383.jpg', 0),
(4, 'Arun', 'sharmar.21.bmca@acharya.ac.in', '$2y$10$cuBgGbSFNFzArTIBD0tBIuanrFewpaHF8k.1UjSyxxw5s./bZl/qO', 'Sharma Arun Kumar', 'P18AJ21S0140', 3, '2023-07-08 14:07:22', 'profile_pics/64ab014530e85_1688928581.jpg', 0),
(5, 'Neeraj', 'neeraj@gmail.com', '$2y$10$ki73/sBpt0aFql/4Uzc3YelQHg3Pbc0/xv2E4V7l8W3ioi58/1d1S', 'Neeraj Kumar', 'P18AJ21S0111', 3, '2023-07-08 14:09:26', 'profile_pics/64a921142b55f_1688805652.jpg', 0),
(6, 'Kaushal', 'kaushal@gmail.com', '$2y$10$ZosYyqlFqd/JmVftItbl1.mBloZpzHVLpPgFzlqkrmMOCTcOb1Ikm', 'Kumar Kaushal', 'P18AJ21S0126', 3, '2023-07-08 14:11:52', 'profile_pics/64a9a01d532e4_1688838173.jpg', 0),
(7, 'Pavithra', 'pavithra@gmail.com', '$2y$10$BJ0P9OjE1jG3D4mFhdXKkumGh6naKpep4nGxIfg.s1UJJm9vyyn.2', 'Pavithra KN', 'P18AJ21S0143', 3, '2023-07-08 15:10:30', 'profile_pics/64a947f46b4ac_1688815604.jpg', 0),
(8, 'Ranju', 'ranju@gmail.com', '$2y$10$uAFa4FhTy7QZ/tAf/Q8izuDuxP16FJrLtPwZM4BM2F0CKEfyB0ira', 'Ranjitha Gowda', 'P18AJ21S0145', 3, '2023-07-08 15:18:03', 'profile_pics/64a94c9d158bb_1688816797.jpg', 0),
(9, 'Priya', 'priyadarshinibtr@gmail.com', '$2y$10$krS0nELO6rc/xRpDPR9WVOzYE4PfFjyeYEb00.jaHfpq27kPMizeG', 'Priyadarshini BTR', 'P18AJ21S0122', 3, '2023-07-08 15:52:27', 'profile_pics/64a960d8dd162_1688821976.jpg', 0),
(10, 'Ranganath', 'ranganath@gmail.com', '$2y$10$nxhFGFe2YTL8jInCoR02X.HARCc7n.r8Domn797NUjXb6tDhk0zJG', 'Ranganath k', 'P18AJ21S0154', 3, '2023-07-08 16:05:03', 'profile_pics/64a93bfcd9c5b_1688812540.jpg', 0),
(11, 'Pushpita ', 'pushpita@gmail.com', '$2y$10$p4oy1C60v5.pT2RU2n2kP.1EccFi3zb/PQTs2ena4xyK.smJjZVBq', 'Pushpita Nandy', 'P18AJ21S0134', 3, '2023-07-08 16:06:51', 'profile_pics/64ab032ce1430_1688929068.jpg', 0),
(12, 'Avinash', 'avinash@gmail.com', '$2y$10$rnnmyDd9HHU.iHJX/NHRWOm88ihbwbzxin/92n02I7gI..FNQsqOS', 'Avinash kumar', 'P18AJ21S0130', 3, '2023-07-08 16:19:40', 'profile_pics/64a9450649f8f_1688814854.jpg', 0),
(13, 'Sonu', 'sonu@gmail.com', '$2y$10$SwERfDfe2KmzwrCtxpPAGup4Wp1gUc9EpZ.xFOAVFtjRZnqcbMVEu', 'Sonu Kumar Singh', 'P18AJ21S0131', 3, '2023-07-08 16:20:35', 'profile_pics/64a945552cc2d_1688814933.jpg', 0),
(14, 'Amit', 'amit@gmail.com', '$2y$10$Y3t0OISZR9Vy/Cae0sLQzOPt7nJ6qoHMvoIx2g8gCBSjVC3toe3qe', 'Amit Kumar', 'P18AJ21S0132', 3, '2023-07-08 16:21:30', 'profile_pics/64a9452b7a60d_1688814891.jpg', 0),
(15, 'Atul', 'atul@gmail.com', '$2y$10$3wmHMklW7tYiRDBRTjYm1.OJkOJOV1rIdyblDl67qO5fQNPxboas2', 'Atul Dubey', 'P18AJ21S0137', 3, '2023-07-08 16:22:48', 'profile_pics/64a9458400cf0_1688814980.jpg', 0),
(16, 'Rohit', 'rohitmj@gmail.com', '$2y$10$VPQ2fbno4ZzG14dPPpLJBedFuKXum.f/TS9NvlFFQ3d.POsl53RXK', 'Rohit Majalatti', 'P18AJ21S0188', 3, '2023-07-08 16:24:08', 'profile_pics/64a945a4e6771_1688815012.jpg', 0),
(17, 'Ruturaj', 'ruturaj@gmail.com', '$2y$10$TRB.e1AUX0RxiltVB1grHewkntXDKVOnDnFUX4dZWmqgUXgvZVeki', 'Ruturaj B', 'P18AJ21S0192', 3, '2023-07-08 16:25:01', 'profile_pics/64ab0473c1e07_1688929395.jpg', 0),
(18, 'Ritesh', 'riteshzod@gmail.com', '$2y$10$wIjSnqFjRB7uBJs7oEDvZ.Am7hprOKyqmyQ6Yp6DKliYBUMqXcBb6', 'Ritesh kr Giri', 'P18AJ21S0108', 3, '2023-07-08 16:26:32', 'profile_pics/64a944ad279e8_1688814765.jpg', 0),
(19, 'Yogesh', 'yogesh@gmail.com', '$2y$10$1dC7wbR4IV5/FsUWVOUtqOMXiOtljeQQmy.NkObERSHVkKKiIiW2S', 'Yogesh Mane', 'P18AJ21S0177', 3, '2023-07-08 16:28:22', 'profile_pics/64a944cf89c65_1688814799.jpg', 0),
(20, 'Prudhvi', 'prudhvi@gmail.com', '$2y$10$UKzUnklw4TU5GPfGoyA3xeZk699uRt97lCfBfF.K.8t4x.qQu9nEm', 'Medikonda Prudhvi Ch', 'P18AJ21S0110', 3, '2023-07-08 16:30:10', 'profile_pics/64a9468f88afa_1688815247.jpg', 0),
(21, 'Joyson', 'Joyson@gmail.com', '$2y$10$/m7XW9sKcgoJ/u1F3je2m.nNd926kePkXW3Bqjb7zG0HJtbS6A3mO', 'Joyson J', 'P18AJ21S0162', 3, '2023-07-08 16:32:09', 'profile_pics/64aafbe621e60_1688927206.jpg', 0),
(22, 'Hemanth ', 'Hemanth@gmail.com', '$2y$10$Y7zLK.prC9wqgYe42xQiS.G3A.oa4Z.Obah4BO/LmH/0I7hCwqIxe', 'Hemanth M', 'P18AJ21S0165', 3, '2023-07-08 16:33:16', 'profile_pics/64a9445baca6c_1688814683.jpg', 0),
(23, 'Sneha ', 'sneha@gmail.com', '$2y$10$/XbjYEJyGOuDJ6qqITdLIuMzHQY3fTHmAdMyQxdldbc6zxrHFKjjy', 'Sneha Gowda', 'P18AJ21S0160', 3, '2023-07-08 16:34:03', 'profile_pics/64a9433d0aa2f_1688814397.jpg', 0),
(24, 'Vineetha ', 'vineetha@gmail.com', '$2y$10$iJL17WgjrXagNooyqkBgH.c8wjcVmCzZ2EwwDPkKj1SoVEY.KIa76', 'Vineetha Shetty', 'P18AJ21S0159', 3, '2023-07-08 16:34:47', 'profile_pics/64ab037819625_1688929144.jpg', 0),
(25, 'Faizan', 'm.faisalkhan9@gmail.com', '$2y$10$00igrkdsSsi8AczZn/Xk8eiwhvoXz9SiiljX0udxYhIxmIM/q97o6', 'Faizan Khan', 'P18AJ21S0100', 3, '2023-07-08 19:40:40', 'profile_pics/64a96e829e620_1688825474.jpg', 0);

--
-- Indexes for dumped tables
--

--
-- Indexes for table `categories`
--
ALTER TABLE `categories`
  ADD PRIMARY KEY (`category_id`);

--
-- Indexes for table `comments`
--
ALTER TABLE `comments`
  ADD PRIMARY KEY (`comment_Id`);

--
-- Indexes for table `threads`
--
ALTER TABLE `threads`
  ADD PRIMARY KEY (`thread_id`);
ALTER TABLE `threads` ADD FULLTEXT KEY `thread_title` (`thread_title`,`thread_desc`);

--
-- Indexes for table `users`
--
ALTER TABLE `users`
  ADD PRIMARY KEY (`sno`);

--
-- AUTO_INCREMENT for dumped tables
--

--
-- AUTO_INCREMENT for table `categories`
--
ALTER TABLE `categories`
  MODIFY `category_id` int(8) NOT NULL AUTO_INCREMENT, AUTO_INCREMENT=7;

--
-- AUTO_INCREMENT for table `comments`
--
ALTER TABLE `comments`
  MODIFY `comment_Id` int(8) NOT NULL AUTO_INCREMENT, AUTO_INCREMENT=78;

--
-- AUTO_INCREMENT for table `threads`
--
ALTER TABLE `threads`
  MODIFY `thread_id` int(7) NOT NULL AUTO_INCREMENT, AUTO_INCREMENT=52;

--
-- AUTO_INCREMENT for table `users`
--
ALTER TABLE `users`
  MODIFY `sno` int(8) NOT NULL AUTO_INCREMENT, AUTO_INCREMENT=26;
COMMIT;

/*!40101 SET CHARACTER_SET_CLIENT=@OLD_CHARACTER_SET_CLIENT */;
/*!40101 SET CHARACTER_SET_RESULTS=@OLD_CHARACTER_SET_RESULTS */;
/*!40101 SET COLLATION_CONNECTION=@OLD_COLLATION_CONNECTION */;
